game_key,tg,competition,comp_type,game_number,round_label,date,time,home_club_id,home_name,away_club_id,away_name,home_score,away_score,status,result_note,location
11566105,116112414,Premier,league,7032,,2026-07-06,8:30 pm,75479674,Los Chupacabras,10359035,Queenston FC,1,2,played,,Sahlen's Sports Park Flash Fields 2
11566119,116112414,Premier,league,7046,,2026-07-12,6:00 pm,75159915,NMB FC,75479674,Los Chupacabras,,,scheduled,,Nichols School Strauss Truscott
11566121,116112414,Premier,league,7048,,2026-07-12,6:00 pm,91256980,Olean 1854 FC,26891552,Buffalo Celtic,5,0,played,FT,Olean Middle School Olean High School Field
11566120,116112414,Premier,league,7047,,2026-07-12,7:00 pm,110307225,Buffalo Stallions FC,45429017,Borussia Bees,,,scheduled,,Sahlen's Sports Park Flash Fields 1
11566123,116112414,Premier,league,7050,,2026-07-13,8:00 pm,18647016,Buffalo United SS,95088661,Westside Blitz,,,scheduled,,D'Youville College Dobson Field
11566122,116112414,Premier,league,7049,,2026-07-13,8:30 pm,10359035,Queenston FC,10350991,BSC Raiders,,,scheduled,,Buffalo State Coyer Field
11566124,116112414,Premier,league,7051,,2026-07-19,2:00 pm,45429017,Borussia Bees,75159915,NMB FC,,,scheduled,,Buffalo State Coyer Field
11566125,116112414,Premier,league,7052,,2026-07-19,4:00 pm,75479674,Los Chupacabras,95088661,Westside Blitz,,,scheduled,,Buffalo State Coyer Field
11566127,116112414,Premier,league,7054,,2026-07-19,8:00 pm,10359035,Queenston FC,110307225,Buffalo Stallions FC,,,scheduled,,Buffalo State Coyer Field
11566128,116112414,Premier,league,7055,,2026-07-19,8:00 pm,26895907,Amherst Sharpshooters,18647016,Buffalo United SS,,,scheduled,,D'Youville College Dobson Field
11566126,116112414,Premier,league,7053,,2026-07-20,8:30 pm,10350991,BSC Raiders,91256980,Olean 1854 FC,,,scheduled,,Buffalo State Coyer Field
11566129,116112414,Premier,league,7056,,2026-07-26,,,,,,,,scheduled,,
11566130,116112414,Premier,league,7057,,2026-07-26,,,,,,,,scheduled,,
11566115,116112414,Premier,league,7042,,,,110307225,Buffalo Stallions FC,75479674,Los Chupacabras,,,scheduled,,
11566075,116112414,Premier,league,7002,,2026-04-26,4:00 pm,26895907,Amherst Sharpshooters,75479674,Los Chupacabras,2,1,played,,Tapestry Charter School Field
11566076,116112414,Premier,league,7003,,2026-04-26,6:00 pm,75159915,NMB FC,10359035,Queenston FC,4,0,played,,Tapestry Charter School Field
11566074,116112414,Premier,league,7001,,2026-04-26,8:00 pm,95088661,Westside Blitz,45429017,Borussia Bees,0,1,played,,Buffalo State Coyer Field
11566077,116112414,Premier,league,7004,,2026-04-27,6:30 pm,18647016,Buffalo United SS,26891552,Buffalo Celtic,4,0,played,,Buffalo State Coyer Field
11566078,116112414,Premier,league,7005,,2026-04-27,8:30 pm,10350991,BSC Raiders,110307225,Buffalo Stallions FC,1,1,played,,Buffalo State Coyer Field
11566079,116112414,Premier,league,7006,,2026-05-03,2:00 pm,45429017,Borussia Bees,26895907,Amherst Sharpshooters,4,0,played,,Buffalo State Coyer Field
11566080,116112414,Premier,league,7007,,2026-05-03,4:00 pm,75479674,Los Chupacabras,26891552,Buffalo Celtic,3,1,played,,Buffalo State Coyer Field
11566083,116112414,Premier,league,7010,,2026-05-03,4:00 pm,91256980,Olean 1854 FC,110307225,Buffalo Stallions FC,1,0,played,,St. Bonaventure Marra Fields Complex
11566081,116112414,Premier,league,7008,,2026-05-03,6:00 pm,95088661,Westside Blitz,10359035,Queenston FC,1,1,played,,Buffalo State Coyer Field
11566082,116112414,Premier,league,7009,,2026-05-03,6:00 pm,75159915,NMB FC,10350991,BSC Raiders,2,0,played,,Nichols School Strauss Truscott
11566085,116112414,Premier,league,7012,,2026-05-10,2:00 pm,75159915,NMB FC,110307225,Buffalo Stallions FC,3,2,played,,Nichols School Strauss Truscott
11566086,116112414,Premier,league,7013,,2026-05-10,4:00 pm,26895907,Amherst Sharpshooters,10359035,Queenston FC,0,0,played,,Nichols School Strauss Truscott
11566084,116112414,Premier,league,7011,,2026-05-10,6:00 pm,18647016,Buffalo United SS,91256980,Olean 1854 FC,0,1,played,,Buffalo State Coyer Field
11566087,116112414,Premier,league,7014,,2026-05-10,6:00 pm,26891552,Buffalo Celtic,45429017,Borussia Bees,1,5,played,,St. Joe's Collegiate Institute Field
11566088,116112414,Premier,league,7015,,2026-05-11,8:30 pm,95088661,Westside Blitz,10350991,BSC Raiders,1,3,played,,Buffalo State Coyer Field
11566089,116112414,Premier,league,7016,,2026-05-17,4:00 pm,10359035,Queenston FC,26891552,Buffalo Celtic,2,1,played,,Buffalo State Coyer Field
11566091,116112414,Premier,league,7018,,2026-05-17,7:00 pm,91256980,Olean 1854 FC,75159915,NMB FC,2,1,played,,St. Bonaventure Marra Fields Complex
11566090,116112414,Premier,league,7017,,2026-05-17,8:00 pm,95088661,Westside Blitz,110307225,Buffalo Stallions FC,3,4,played,,D'Youville College Dobson Field
11566092,116112414,Premier,league,7019,,2026-05-18,6:30 pm,75479674,Los Chupacabras,18647016,Buffalo United SS,1,3,played,,Buffalo State Coyer Field
11566096,116112414,Premier,league,7023,,2026-05-31,6:00 pm,91256980,Olean 1854 FC,75479674,Los Chupacabras,6,0,played,,St. Bonaventure Marra Fields Complex
11566097,116112414,Premier,league,7024,,2026-05-31,6:00 pm,26891552,Buffalo Celtic,10350991,BSC Raiders,0,0,played,,St. Joe's Collegiate Institute Field
11566095,116112414,Premier,league,7022,,2026-05-31,7:00 pm,110307225,Buffalo Stallions FC,26895907,Amherst Sharpshooters,2,3,played,,Sahlen's Sports Park Flash Fields 1
11566094,116112414,Premier,league,7021,,2026-05-31,8:00 pm,95088661,Westside Blitz,75159915,NMB FC,0,2,played,,Buffalo State Coyer Field
11566098,116112414,Premier,league,7025,,2026-06-01,8:30 pm,45429017,Borussia Bees,18647016,Buffalo United SS,4,1,played,,Buffalo State Coyer Field
11566099,116112414,Premier,league,7026,,2026-06-07,6:00 pm,75159915,NMB FC,26895907,Amherst Sharpshooters,2,3,played,,Nichols School Strauss Truscott
11566100,116112414,Premier,league,7027,,2026-06-07,6:00 pm,91256980,Olean 1854 FC,95088661,Westside Blitz,3,2,played,,St. Bonaventure Marra Fields Complex
11566101,116112414,Premier,league,7028,,2026-06-07,6:00 pm,75479674,Los Chupacabras,45429017,Borussia Bees,0,5,played,,Tapestry Charter School Field
11566102,116112414,Premier,league,7029,,2026-06-08,8:30 pm,10359035,Queenston FC,18647016,Buffalo United SS,1,1,played,,Buffalo State Coyer Field
11566103,116112414,Premier,league,7030,,2026-06-08,9:00 pm,110307225,Buffalo Stallions FC,26891552,Buffalo Celtic,2,0,played,,Sahlen's Sports Park Flash Fields 1
11566093,116112414,Premier,league,7020,,2026-06-11,8:00 pm,10350991,BSC Raiders,26895907,Amherst Sharpshooters,2,2,played,,Sparky Adams Field Turf
11566104,116112414,Premier,league,7031,,2026-06-14,2:00 pm,45429017,Borussia Bees,91256980,Olean 1854 FC,5,0,played,FT,Buffalo State Coyer Field
11566106,116112414,Premier,league,7033,,2026-06-14,4:00 pm,26895907,Amherst Sharpshooters,95088661,Westside Blitz,2,0,played,,Nichols School Strauss Truscott
11566107,116112414,Premier,league,7034,,2026-06-14,4:00 pm,26891552,Buffalo Celtic,75159915,NMB FC,7,3,played,,St. Joe's Collegiate Institute Field
11566108,116112414,Premier,league,7035,,2026-06-15,8:00 pm,18647016,Buffalo United SS,10350991,BSC Raiders,3,2,played,,D'Youville College Dobson Field
11566109,116112414,Premier,league,7036,,2026-06-21,6:00 pm,45429017,Borussia Bees,10359035,Queenston FC,1,2,played,,Buffalo State Coyer Field
11566110,116112414,Premier,league,7037,,2026-06-21,6:00 pm,26895907,Amherst Sharpshooters,91256980,Olean 1854 FC,5,0,played,,Nichols School Strauss Truscott
11566111,116112414,Premier,league,7038,,2026-06-21,6:00 pm,26891552,Buffalo Celtic,95088661,Westside Blitz,1,1,played,,St. Joe's Collegiate Institute Field
11566113,116112414,Premier,league,7040,,2026-06-22,8:00 pm,110307225,Buffalo Stallions FC,18647016,Buffalo United SS,0,1,played,,D'Youville College Dobson Field
11566112,116112414,Premier,league,7039,,2026-06-22,8:30 pm,10350991,BSC Raiders,75479674,Los Chupacabras,5,2,played,,Buffalo State Coyer Field
11566114,116112414,Premier,league,7041,,2026-06-28,4:00 pm,10359035,Queenston FC,91256980,Olean 1854 FC,5,0,played,FT,Buffalo State Coyer Field
11566116,116112414,Premier,league,7043,,2026-06-28,4:00 pm,26891552,Buffalo Celtic,26895907,Amherst Sharpshooters,3,2,played,,St. Joe's Collegiate Institute Field
11566118,116112414,Premier,league,7045,,2026-06-29,8:00 pm,18647016,Buffalo United SS,75159915,NMB FC,2,1,played,,D'Youville College Dobson Field
11566117,116112414,Premier,league,7044,,2026-06-29,8:30 pm,10350991,BSC Raiders,45429017,Borussia Bees,1,3,played,,Buffalo State Coyer Field
11566131,116112414,Premier,league,7058,,2026-08-02,,,,,,,,scheduled,,
11566132,116112414,Premier,league,7059,,2026-08-02,,,,,,,,scheduled,,
11566133,116112414,Premier,league,7060,CHAMP,2026-08-09,6:00 pm,,,,,,,scheduled,,Nichols School Strauss Truscott
11566167,116112418,Championship,league,7234,,2026-07-02,6:30 pm,75159993,Revolution SC,82992129,Mes Que FC,3,4,played,,Tapestry Charter School Field
11566175,116112418,Championship,league,7242,,2026-07-08,7:45 pm,10359092,Ukraine,91257538,Medina Mustangs FC,3,0,played,,D'Youville College Dobson Field
11566181,116112418,Championship,league,7248,,2026-07-12,4:00 pm,110307361,Queen City Gunners,75479641,Williamsville Willies,,,scheduled,,Nichols School Strauss Truscott
11566182,116112418,Championship,league,7249,,2026-07-12,4:00 pm,106801557,Cattaraugus County FC,106801546,Rance FC,,,scheduled,,Olean Middle School Olean High School Field
11566179,116112418,Championship,league,7246,,2026-07-12,6:00 pm,91257538,Medina Mustangs FC,82992129,Mes Que FC,,,scheduled,,Medina High School
11566180,116112418,Championship,league,7247,,2026-07-12,6:00 pm,10359117,Buffalo Italia FC,95088186,Sporting Cavs,,,scheduled,,Nichols School Peek
11566183,116112418,Championship,league,7250,,2026-07-13,8:00 pm,116113075,Germania FC,10359092,Ukraine,,,scheduled,,Sahlen's Sports Park Flash Fields 1
11566185,116112418,Championship,league,7252,,2026-07-19,4:00 pm,95088186,Sporting Cavs,106801557,Cattaraugus County FC,,,scheduled,,Nichols School Strauss Truscott
11566184,116112418,Championship,league,7251,,2026-07-19,6:00 pm,91257538,Medina Mustangs FC,10359117,Buffalo Italia FC,,,scheduled,,Medina High School
11566186,116112418,Championship,league,7253,,2026-07-19,6:00 pm,110307361,Queen City Gunners,106801546,Rance FC,,,scheduled,,Nichols School Strauss Truscott
11566187,116112418,Championship,league,7254,,2026-07-19,8:00 pm,82992129,Mes Que FC,10359092,Ukraine,,,scheduled,,Sahlen's Sports Park Flash Fields 2
11566188,116112418,Championship,league,7255,,2026-07-19,8:00 pm,75479641,Williamsville Willies,75159993,Revolution SC,,,scheduled,,Tapestry Charter School Field
11566189,116112418,Championship,league,7256,,2026-07-26,,,,,,,,scheduled,,
11566190,116112418,Championship,league,7257,,2026-07-26,,,,,,,,scheduled,,
11566164,116112418,Championship,league,7231,,,,95088186,Sporting Cavs,106801546,Rance FC,,,scheduled,,
11566138,116112418,Championship,league,7205,,2026-04-26,2:00 pm,106801546,Rance FC,75479641,Williamsville Willies,2,1,played,,Sahlen's Sports Park Flash Fields 1
11566134,116112418,Championship,league,7201,,2026-04-26,4:00 pm,110307361,Queen City Gunners,10359092,Ukraine,0,1,played,,Nichols School Peek
11566136,116112418,Championship,league,7203,,2026-04-26,4:00 pm,75159993,Revolution SC,91257538,Medina Mustangs FC,5,0,played,,Nichols School Strauss Truscott
11566135,116112418,Championship,league,7202,,2026-04-26,6:00 pm,116113075,Germania FC,10359117,Buffalo Italia FC,0,2,played,,Nichols School Peek
11566137,116112418,Championship,league,7204,,2026-04-26,6:00 pm,82992129,Mes Que FC,106801557,Cattaraugus County FC,3,2,played,,Nichols School Strauss Truscott
11566139,116112418,Championship,league,7206,,2026-05-03,2:00 pm,110307361,Queen City Gunners,91257538,Medina Mustangs FC,1,0,played,,Mulroy Park Pierce Field
11566140,116112418,Championship,league,7207,,2026-05-03,4:00 pm,95088186,Sporting Cavs,75159993,Revolution SC,1,2,played,,Nichols School Strauss Truscott
11566141,116112418,Championship,league,7208,,2026-05-03,6:00 pm,106801557,Cattaraugus County FC,10359092,Ukraine,1,9,played,,St. Bonaventure Marra Fields Complex
11566142,116112418,Championship,league,7209,,2026-05-03,6:00 pm,10359117,Buffalo Italia FC,82992129,Mes Que FC,4,1,played,,Tapestry Charter School Field
11566143,116112418,Championship,league,7210,,2026-05-03,8:00 pm,75479641,Williamsville Willies,116113075,Germania FC,5,1,played,,Tapestry Charter School Field
11566144,116112418,Championship,league,7211,,2026-05-10,4:00 pm,10359092,Ukraine,75159993,Revolution SC,2,1,played,,Buffalo State Coyer Field
11566145,116112418,Championship,league,7212,,2026-05-10,6:00 pm,82992129,Mes Que FC,110307361,Queen City Gunners,1,4,played,,Nichols School Peek
11566146,116112418,Championship,league,7213,,2026-05-10,6:00 pm,10359117,Buffalo Italia FC,106801557,Cattaraugus County FC,10,1,played,,Sahlen's Sports Park Flash Fields 2
11566147,116112418,Championship,league,7214,,2026-05-10,8:00 pm,75479641,Williamsville Willies,95088186,Sporting Cavs,0,1,played,,Tapestry Charter School Field
11566148,116112418,Championship,league,7215,,2026-05-11,9:00 pm,116113075,Germania FC,106801546,Rance FC,1,2,played,,Sahlen's Sports Park Flash Fields 2
11566153,116112418,Championship,league,7220,,2026-05-17,2:00 pm,116113075,Germania FC,82992129,Mes Que FC,3,4,played,,Nichols School Peek
11566150,116112418,Championship,league,7217,,2026-05-17,4:00 pm,95088186,Sporting Cavs,110307361,Queen City Gunners,1,2,played,,Nichols School Peek
11566151,116112418,Championship,league,7218,,2026-05-17,4:00 pm,75159993,Revolution SC,106801546,Rance FC,4,0,played,,Nichols School Strauss Truscott
11566152,116112418,Championship,league,7219,,2026-05-17,5:00 pm,106801557,Cattaraugus County FC,91257538,Medina Mustangs FC,4,0,played,,St. Bonaventure Marra Fields Complex
11566149,116112418,Championship,league,7216,,2026-05-17,8:00 pm,10359092,Ukraine,10359117,Buffalo Italia FC,0,1,played,,Buffalo State Coyer Field
11566154,116112418,Championship,league,7221,,2026-05-31,2:00 pm,95088186,Sporting Cavs,116113075,Germania FC,4,0,played,,Nichols School Peek
11566157,116112418,Championship,league,7224,,2026-05-31,4:00 pm,106801557,Cattaraugus County FC,110307361,Queen City Gunners,0,4,played,,St. Bonaventure Marra Fields Complex
11566155,116112418,Championship,league,7222,,2026-05-31,6:00 pm,10359117,Buffalo Italia FC,75159993,Revolution SC,3,1,played,,Sahlen's Sports Park Flash Fields 2
11566156,116112418,Championship,league,7223,,2026-05-31,8:00 pm,106801546,Rance FC,91257538,Medina Mustangs FC,1,4,played,,Sahlen's Sports Park Flash Fields 2
11566158,116112418,Championship,league,7225,,2026-06-01,6:30 pm,10359092,Ukraine,75479641,Williamsville Willies,4,1,played,,Buffalo State Coyer Field
11566161,116112418,Championship,league,7228,,2026-06-07,4:00 pm,82992129,Mes Que FC,75479641,Williamsville Willies,3,1,played,,Nichols School Strauss Truscott
11566162,116112418,Championship,league,7229,,2026-06-07,4:00 pm,106801557,Cattaraugus County FC,75159993,Revolution SC,3,4,played,,St. Bonaventure Marra Fields Complex
11566159,116112418,Championship,league,7226,,2026-06-07,6:00 pm,91257538,Medina Mustangs FC,95088186,Sporting Cavs,2,2,played,,Medina High School
11566160,116112418,Championship,league,7227,,2026-06-08,7:00 pm,110307361,Queen City Gunners,116113075,Germania FC,1,1,played,,Tapestry Charter School Field
11566163,116112418,Championship,league,7230,,2026-06-08,8:00 pm,106801546,Rance FC,10359092,Ukraine,0,4,played,,D'Youville College Dobson Field
11566165,116112418,Championship,league,7232,,2026-06-14,2:00 pm,91257538,Medina Mustangs FC,75479641,Williamsville Willies,1,0,played,,Medina High School
11566166,116112418,Championship,league,7233,,2026-06-14,2:00 pm,116113075,Germania FC,106801557,Cattaraugus County FC,5,0,played,FT,Nichols School Peek
11566168,116112418,Championship,league,7235,,2026-06-15,9:00 pm,10359117,Buffalo Italia FC,110307361,Queen City Gunners,4,0,played,,Sahlen's Sports Park Flash Fields 2
11566169,116112418,Championship,league,7236,,2026-06-21,4:00 pm,75159993,Revolution SC,110307361,Queen City Gunners,4,0,played,,Buffalo State Coyer Field
11566171,116112418,Championship,league,7238,,2026-06-21,4:00 pm,106801546,Rance FC,82992129,Mes Que FC,2,1,played,,Sahlen's Sports Park Flash Fields 1
11566170,116112418,Championship,league,7237,,2026-06-21,6:00 pm,91257538,Medina Mustangs FC,116113075,Germania FC,2,0,played,,Medina High School
11566172,116112418,Championship,league,7239,,2026-06-21,6:00 pm,75479641,Williamsville Willies,10359117,Buffalo Italia FC,1,5,played,,Tapestry Charter School Field
11566173,116112418,Championship,league,7240,,2026-06-22,9:00 pm,10359092,Ukraine,95088186,Sporting Cavs,2,0,played,,Sahlen's Sports Park Flash Fields 1
11566174,116112418,Championship,league,7241,,2026-06-28,2:00 pm,82992129,Mes Que FC,95088186,Sporting Cavs,0,1,played,,Buffalo State Coyer Field
11566176,116112418,Championship,league,7243,,2026-06-28,4:00 pm,75159993,Revolution SC,116113075,Germania FC,5,0,played,,Nichols School Strauss Truscott
11566178,116112418,Championship,league,7245,,2026-06-28,6:00 pm,75479641,Williamsville Willies,106801557,Cattaraugus County FC,10,0,played,,Tapestry Charter School Field
11566177,116112418,Championship,league,7244,,2026-06-28,8:00 pm,106801546,Rance FC,10359117,Buffalo Italia FC,0,2,played,,Sahlen's Sports Park Flash Fields 1
11566191,116112418,Championship,league,7258,,2026-08-02,,,,,,,,scheduled,,
11566192,116112418,Championship,league,7259,,2026-08-02,,,,,,,,scheduled,,
11566193,116112418,Championship,league,7260,CHAMP,2026-08-09,5:45 pm,,,,,,,scheduled,,Nichols School Peek
11566206,116112416,1st Division,league,7413,,2026-07-06,8:30 pm,114564610,Mandem FC,75479662,Celtic Brigade,,,scheduled,,Sahlen's Sports Park Flash Fields 1
11566226,116112416,1st Division,league,7433,,2026-07-07,6:30 pm,46021389,Outlaws,114564614,Chargers FC,2,1,played,,Tapestry Charter School Field
11566239,116112416,1st Division,league,7446,,2026-07-12,2:00 pm,10359005,Clarence Coyotes,114564610,Mandem FC,,,scheduled,,Nichols School Peek
11566242,116112416,1st Division,league,7449,,2026-07-12,4:00 pm,75479638,Southern Tier FC,114564614,Chargers FC,5,0,played,FT,SUNY Fredonia University Stadium
11566241,116112416,1st Division,league,7448,,2026-07-12,4:00 pm,75479662,Celtic Brigade,114564698,Kunz Premier,,,scheduled,,St. Joe's Collegiate Institute Field
11566240,116112416,1st Division,league,7447,,2026-07-12,8:00 pm,110307763,Buffalo Night,46021389,Outlaws,,,scheduled,,Sahlen's Sports Park Flash Fields 2
11566243,116112416,1st Division,league,7450,,2026-07-13,8:00 pm,75479680,Honey Badgers,116113094,Stallions FC,,,scheduled,,Sahlen's Sports Park Flash Fields 2
11566234,116112416,1st Division,league,7441,,2026-07-16,8:30 pm,10359005,Clarence Coyotes,110307763,Buffalo Night,,,scheduled,,Sahlen's Sports Park Flash Fields 1
11566198,116112416,1st Division,league,7405,,2026-07-19,10:00 am,75479638,Southern Tier FC,46021389,Outlaws,,,scheduled,,SUNY Fredonia University Stadium
11566244,116112416,1st Division,league,7451,,2026-07-26,,,,,,,,scheduled,,
11566245,116112416,1st Division,league,7452,,2026-07-26,,,,,,,,scheduled,,
11566225,116112416,1st Division,league,7432,,,,75479680,Honey Badgers,110307763,Buffalo Night,,,scheduled,,
11566194,116112416,1st Division,league,7401,,2026-04-26,2:00 pm,10359005,Clarence Coyotes,114564698,Kunz Premier,4,3,played,,Nichols School Strauss Truscott
11566195,116112416,1st Division,league,7402,,2026-04-26,6:00 pm,75479680,Honey Badgers,75479662,Celtic Brigade,5,1,played,,Sahlen's Sports Park Flash Fields 1
11566197,116112416,1st Division,league,7404,,2026-04-26,6:00 pm,110307763,Buffalo Night,114564614,Chargers FC,7,0,played,,Sahlen's Sports Park Flash Fields 2
11566196,116112416,1st Division,league,7403,,2026-04-26,8:00 pm,114564610,Mandem FC,116113094,Stallions FC,2,0,played,,Sahlen's Sports Park Flash Fields 1
11566199,116112416,1st Division,league,7406,,2026-05-03,2:00 pm,114564698,Kunz Premier,116113094,Stallions FC,4,0,played,,Nichols School Strauss Truscott
11566201,116112416,1st Division,league,7408,,2026-05-03,4:00 pm,75479638,Southern Tier FC,114564610,Mandem FC,1,7,played,,SUNY Fredonia University Stadium
11566200,116112416,1st Division,league,7407,,2026-05-03,7:00 pm,46021389,Outlaws,75479680,Honey Badgers,1,7,played,,Sahlen's Sports Park Flash Fields 1
11566202,116112416,1st Division,league,7409,,2026-05-04,8:30 pm,114564614,Chargers FC,10359005,Clarence Coyotes,0,0,played,,Mulroy Park Pierce Field
11566203,116112416,1st Division,league,7410,,2026-05-04,9:00 pm,110307763,Buffalo Night,75479662,Celtic Brigade,6,0,played,,Sahlen's Sports Park Flash Fields 1
11566207,116112416,1st Division,league,7414,,2026-05-10,2:00 pm,114564614,Chargers FC,114564698,Kunz Premier,0,2,played,,Sahlen's Sports Park Flash Fields 1
11566205,116112416,1st Division,league,7412,,2026-05-10,6:00 pm,46021389,Outlaws,75479638,Southern Tier FC,3,2,played,,D'Youville College Dobson Field
11566204,116112416,1st Division,league,7411,,2026-05-10,8:00 pm,116113094,Stallions FC,110307763,Buffalo Night,1,0,played,,Buffalo State Coyer Field
11566208,116112416,1st Division,league,7415,,2026-05-11,6:30 pm,10359005,Clarence Coyotes,75479680,Honey Badgers,1,3,played,,Buffalo State Coyer Field
11566211,116112416,1st Division,league,7418,,2026-05-17,2:00 pm,114564614,Chargers FC,75479680,Honey Badgers,0,4,played,,Sahlen's Sports Park Flash Fields 1
11566209,116112416,1st Division,league,7416,,2026-05-17,6:00 pm,110307763,Buffalo Night,114564698,Kunz Premier,5,2,played,,Buffalo State Coyer Field
11566210,116112416,1st Division,league,7417,,2026-05-17,6:00 pm,114564610,Mandem FC,75479662,Celtic Brigade,4,0,played,,Nichols School Strauss Truscott
11566213,116112416,1st Division,league,7420,,2026-05-17,6:00 pm,75479638,Southern Tier FC,10359005,Clarence Coyotes,3,2,played,,SUNY Fredonia University Stadium
11566212,116112416,1st Division,league,7419,,2026-05-17,6:00 pm,46021389,Outlaws,116113094,Stallions FC,0,1,played,,Sahlen's Sports Park Flash Fields 1
11566214,116112416,1st Division,league,7421,,2026-05-31,4:00 pm,114564698,Kunz Premier,116113094,Stallions FC,1,1,played,,Nichols School Peek
11566218,116112416,1st Division,league,7425,,2026-05-31,4:00 pm,75479662,Celtic Brigade,114564614,Chargers FC,5,3,played,,St. Joe's Collegiate Institute Field
11566217,116112416,1st Division,league,7424,,2026-05-31,5:00 pm,110307763,Buffalo Night,75479638,Southern Tier FC,3,2,played,,Sahlen's Sports Park Flash Fields 1
11566215,116112416,1st Division,league,7422,,2026-05-31,6:00 pm,114564610,Mandem FC,46021389,Outlaws,0,2,played,,Nichols School Peek
11566216,116112416,1st Division,league,7423,,2026-05-31,6:00 pm,10359005,Clarence Coyotes,75479680,Honey Badgers,1,2,played,,Nichols School Strauss Truscott
11566220,116112416,1st Division,league,7427,,2026-06-07,2:00 pm,114564610,Mandem FC,110307763,Buffalo Night,1,1,played,,Nichols School Strauss Truscott
11566219,116112416,1st Division,league,7426,,2026-06-07,6:00 pm,75479680,Honey Badgers,75479638,Southern Tier FC,6,2,played,,Nichols School Peek
11566221,116112416,1st Division,league,7428,,2026-06-07,6:00 pm,75479662,Celtic Brigade,10359005,Clarence Coyotes,4,2,played,,St. Joe's Collegiate Institute Field
11566222,116112416,1st Division,league,7429,,2026-06-08,6:30 pm,114564698,Kunz Premier,46021389,Outlaws,3,3,played,,Buffalo State Coyer Field
11566223,116112416,1st Division,league,7430,,2026-06-08,9:00 pm,116113094,Stallions FC,114564614,Chargers FC,1,1,played,,Sahlen's Sports Park Flash Fields 2
11566227,116112416,1st Division,league,7434,,2026-06-14,2:00 pm,116113094,Stallions FC,10359005,Clarence Coyotes,0,0,played,,Sahlen's Sports Park Flash Fields 2
11566224,116112416,1st Division,league,7431,,2026-06-14,6:00 pm,114564698,Kunz Premier,114564610,Mandem FC,2,7,played,,Nichols School Peek
11566228,116112416,1st Division,league,7435,,2026-06-14,6:00 pm,75479662,Celtic Brigade,75479638,Southern Tier FC,4,1,played,,St. Joe's Collegiate Institute Field
11566230,116112416,1st Division,league,7437,,2026-06-21,4:00 pm,114564614,Chargers FC,110307763,Buffalo Night,0,0,played,,Nichols School Peek
11566233,116112416,1st Division,league,7440,,2026-06-21,4:00 pm,75479638,Southern Tier FC,114564698,Kunz Premier,3,2,played,,SUNY Fredonia University Stadium
11566231,116112416,1st Division,league,7438,,2026-06-21,6:00 pm,116113094,Stallions FC,75479662,Celtic Brigade,5,0,played,,Sahlen's Sports Park Flash Fields 1
11566229,116112416,1st Division,league,7436,,2026-06-21,8:00 pm,75479680,Honey Badgers,114564610,Mandem FC,2,4,played,,Buffalo State Coyer Field
11566232,116112416,1st Division,league,7439,,2026-06-21,8:00 pm,46021389,Outlaws,10359005,Clarence Coyotes,0,1,played,,Sahlen's Sports Park Flash Fields 1
11566236,116112416,1st Division,league,7443,,2026-06-28,2:00 pm,114564614,Chargers FC,114564610,Mandem FC,0,6,played,,Sahlen's Sports Park Flash Fields 1
11566237,116112416,1st Division,league,7444,,2026-06-28,4:00 pm,116113094,Stallions FC,75479638,Southern Tier FC,4,3,played,,Sahlen's Sports Park Flash Fields 1
11566235,116112416,1st Division,league,7442,,2026-06-28,6:00 pm,114564698,Kunz Premier,75479680,Honey Badgers,1,4,played,,Nichols School Peek
11566238,116112416,1st Division,league,7445,,2026-06-28,6:00 pm,75479662,Celtic Brigade,46021389,Outlaws,3,4,played,,St. Joe's Collegiate Institute Field
11566246,116112416,1st Division,league,7453,,2026-08-02,,,,,,,,scheduled,,
11566247,116112416,1st Division,league,7454,,2026-08-02,,,,,,,,scheduled,,
11566248,116112416,1st Division,league,7455,CHAMP,2026-08-09,3:45 pm,,,,,,,scheduled,,Nichols School Strauss Truscott
11566407,116112417,2nd Division,league,7644,,2026-07-12,2:00 pm,67527667,JL Dutch,116113105,Buffalo Stallions,5,0,played,FT,Sahlen's Sports Park Flash Fields 2
11566402,116112417,2nd Division,league,7639,,2026-07-12,4:00 pm,98469009,Infinity FC,75479659,Bangarang FC,,,scheduled,,Buffalo State Coyer Field
11566397,116112417,2nd Division,league,7634,,2026-07-12,4:00 pm,100608342,Hamburg Monarchs SC,12579571,Devils,,,scheduled,,Mulroy Park Pierce Field
11566370,116112417,2nd Division,league,7607,,2026-07-12,4:00 pm,98469017,Buffalo Cosmos,95088658,United Warriors,,,scheduled,,Nichols School Peek
11566393,116112417,2nd Division,league,7630,,2026-07-12,6:00 pm,75159990,Great White Buffalo,114564787,WNY Phoenix,,,scheduled,,Grand Island Veteran's Park Back Field 6/8
11566371,116112417,2nd Division,league,7608,,2026-07-16,8:30 pm,98469017,Buffalo Cosmos,98469009,Infinity FC,,,scheduled,,Tapestry Charter School Field
11566383,116112417,2nd Division,league,7620,,2026-07-19,6:00 pm,10359111,Crimson Fire FC,75159990,Great White Buffalo,,,scheduled,,Grand Island Veteran's Park Back Field 6/8
11566378,116112417,2nd Division,league,7615,,2026-07-19,6:00 pm,116113105,Buffalo Stallions,98469017,Buffalo Cosmos,,,scheduled,,KenDev Field
11566388,116112417,2nd Division,league,7625,,2026-07-19,6:00 pm,12579571,Devils,98469009,Infinity FC,,,scheduled,,Kenney Field 3
11566410,116112417,2nd Division,league,7647,,2026-07-19,6:00 pm,95088658,United Warriors,100608342,Hamburg Monarchs SC,,,scheduled,,Nichols School Peek
11566418,116112417,2nd Division,league,7655,,2026-07-19,6:00 pm,114564787,WNY Phoenix,67527667,JL Dutch,,,scheduled,,Sahlen's Sports Park Flash Fields 2
11566419,116112417,2nd Division,league,7656,,2026-07-26,,,,,,,,scheduled,,
11566420,116112417,2nd Division,league,7657,,2026-07-26,,,,,,,,scheduled,,
11566364,116112417,2nd Division,league,7601,,2026-04-26,2:00 pm,75479659,Bangarang FC,12579571,Devils,1,1,played,,Tapestry Charter School Field
11566395,116112417,2nd Division,league,7632,,2026-04-26,6:00 pm,100608342,Hamburg Monarchs SC,10359111,Crimson Fire FC,1,2,played,,Mulroy Park Pierce Field
11566369,116112417,2nd Division,league,7606,,2026-04-26,8:00 pm,98469017,Buffalo Cosmos,75159990,Great White Buffalo,7,5,played,,Mulroy Park Pierce Field
11566412,116112417,2nd Division,league,7649,,2026-04-26,8:00 pm,95088658,United Warriors,67527667,JL Dutch,1,3,played,,Tapestry Charter School Field
11566414,116112417,2nd Division,league,7651,,2026-04-27,8:30 pm,114564787,WNY Phoenix,98469009,Infinity FC,3,3,played,,Mulroy Park Pierce Field
11566365,116112417,2nd Division,league,7602,,2026-05-03,2:00 pm,75479659,Bangarang FC,100608342,Hamburg Monarchs SC,2,0,played,,Nichols School Peek
11566374,116112417,2nd Division,league,7611,,2026-05-03,6:00 pm,116113105,Buffalo Stallions,75159990,Great White Buffalo,1,1,played,,KenDev Field
11566409,116112417,2nd Division,league,7646,,2026-05-03,6:00 pm,95088658,United Warriors,12579571,Devils,2,0,played,,Nichols School Peek
11566399,116112417,2nd Division,league,7636,,2026-05-03,8:00 pm,98469009,Infinity FC,10359111,Crimson Fire FC,4,0,played,,Buffalo State Coyer Field
11566372,116112417,2nd Division,league,7609,,2026-05-04,9:00 pm,98469017,Buffalo Cosmos,67527667,JL Dutch,2,1,played,,Sahlen's Sports Park Flash Fields 2
11566389,116112417,2nd Division,league,7626,,2026-05-10,4:00 pm,75159990,Great White Buffalo,75479659,Bangarang FC,3,1,played,,Mulroy Park Pierce Field
11566403,116112417,2nd Division,league,7640,,2026-05-10,8:00 pm,98469009,Infinity FC,100608342,Hamburg Monarchs SC,5,1,played,,D'Youville College Dobson Field
11566373,116112417,2nd Division,league,7610,,2026-05-10,8:00 pm,98469017,Buffalo Cosmos,114564787,WNY Phoenix,1,1,played,,Sahlen's Sports Park Flash Fields 2
11566413,116112417,2nd Division,league,7650,,2026-05-11,8:00 pm,95088658,United Warriors,116113105,Buffalo Stallions,7,1,played,,D'Youville College Dobson Field
11566405,116112417,2nd Division,league,7642,,2026-05-11,9:00 pm,67527667,JL Dutch,10359111,Crimson Fire FC,2,0,played,,Sahlen's Sports Park Flash Fields 1
11566384,116112417,2nd Division,league,7621,,2026-05-17,4:00 pm,12579571,Devils,98469017,Buffalo Cosmos,3,1,played,,Kenney Field 3
11566390,116112417,2nd Division,league,7627,,2026-05-17,4:00 pm,75159990,Great White Buffalo,98469009,Infinity FC,1,1,played,,Niagara Falls High School Front
11566396,116112417,2nd Division,league,7633,,2026-05-17,6:00 pm,100608342,Hamburg Monarchs SC,67527667,JL Dutch,1,1,played,,Mulroy Park Pierce Field
11566379,116112417,2nd Division,league,7616,,2026-05-17,6:00 pm,10359111,Crimson Fire FC,114564787,WNY Phoenix,2,0,played,,Niagara Falls High School Back
11566366,116112417,2nd Division,league,7603,,2026-05-19,8:30 pm,75479659,Bangarang FC,116113105,Buffalo Stallions,5,0,played,FT,Tapestry Charter School Field
11566394,116112417,2nd Division,league,7631,,2026-05-31,6:00 pm,100608342,Hamburg Monarchs SC,98469017,Buffalo Cosmos,1,1,played,,Buffalo State Coyer Field
11566411,116112417,2nd Division,league,7648,,2026-05-31,6:00 pm,95088658,United Warriors,10359111,Crimson Fire FC,5,6,played,,D'Youville College Dobson Field
11566385,116112417,2nd Division,league,7622,,2026-05-31,6:00 pm,12579571,Devils,116113105,Buffalo Stallions,1,1,played,,Kenney Field 3
11566415,116112417,2nd Division,league,7652,,2026-05-31,6:00 pm,114564787,WNY Phoenix,75479659,Bangarang FC,4,1,played,,Tapestry Charter School Field
11566408,116112417,2nd Division,league,7645,,2026-05-31,8:00 pm,67527667,JL Dutch,98469009,Infinity FC,0,3,played,,Tapestry Charter School Field
11566380,116112417,2nd Division,league,7617,,2026-06-07,4:00 pm,10359111,Crimson Fire FC,98469017,Buffalo Cosmos,0,1,played,,Grand Island Veteran's Park Back Field 6/8
11566375,116112417,2nd Division,league,7612,,2026-06-07,4:00 pm,116113105,Buffalo Stallions,114564787,WNY Phoenix,1,4,played,,KenDev Field
11566400,116112417,2nd Division,league,7637,,2026-06-07,6:00 pm,98469009,Infinity FC,95088658,United Warriors,2,0,played,,Buffalo State Coyer Field
11566404,116112417,2nd Division,league,7641,,2026-06-07,6:00 pm,67527667,JL Dutch,75479659,Bangarang FC,1,1,played,,D'Youville College Dobson Field
11566391,116112417,2nd Division,league,7628,,2026-06-07,6:00 pm,75159990,Great White Buffalo,12579571,Devils,1,2,played,,Grand Island Veteran's Park Back Field 6/8
11566381,116112417,2nd Division,league,7618,,2026-06-14,4:00 pm,10359111,Crimson Fire FC,75479659,Bangarang FC,2,2,played,,Grand Island Veteran's Park Back Field 6/8
11566392,116112417,2nd Division,league,7629,,2026-06-14,6:00 pm,75159990,Great White Buffalo,95088658,United Warriors,2,2,played,,Grand Island Veteran's Park Back Field 6/8
11566376,116112417,2nd Division,league,7613,,2026-06-14,6:00 pm,116113105,Buffalo Stallions,100608342,Hamburg Monarchs SC,1,5,played,,KenDev Field
11566386,116112417,2nd Division,league,7623,,2026-06-14,6:00 pm,12579571,Devils,114564787,WNY Phoenix,1,4,played,,Kenney Field 3
11566367,116112417,2nd Division,league,7604,,2026-06-21,2:00 pm,75479659,Bangarang FC,95088658,United Warriors,1,0,played,,Nichols School Peek
11566416,116112417,2nd Division,league,7653,,2026-06-21,4:00 pm,114564787,WNY Phoenix,100608342,Hamburg Monarchs SC,5,2,played,,Sahlen's Sports Park Flash Fields 2
11566382,116112417,2nd Division,league,7619,,2026-06-21,6:00 pm,10359111,Crimson Fire FC,12579571,Devils,5,2,played,,Grand Island Veteran's Park Back Field 6/8
11566406,116112417,2nd Division,league,7643,,2026-06-21,6:00 pm,67527667,JL Dutch,75159990,Great White Buffalo,1,2,played,,Sahlen's Sports Park Flash Fields 2
11566368,116112417,2nd Division,league,7605,,2026-06-28,2:00 pm,75479659,Bangarang FC,98469017,Buffalo Cosmos,1,3,played,,Nichols School Strauss Truscott
11566377,116112417,2nd Division,league,7614,,2026-06-28,4:00 pm,116113105,Buffalo Stallions,10359111,Crimson Fire FC,0,5,played,FT,KenDev Field
11566417,116112417,2nd Division,league,7654,,2026-06-28,4:00 pm,114564787,WNY Phoenix,95088658,United Warriors,4,3,played,,Sahlen's Sports Park Flash Fields 2
11566387,116112417,2nd Division,league,7624,,2026-06-28,6:00 pm,12579571,Devils,67527667,JL Dutch,1,4,played,,Kenney Field 3
11566398,116112417,2nd Division,league,7635,,2026-06-29,8:00 pm,100608342,Hamburg Monarchs SC,75159990,Great White Buffalo,1,1,played,,Sahlen's Sports Park Flash Fields 2
11566401,116112417,2nd Division,league,7638,,2026-06-29,8:30 pm,98469009,Infinity FC,116113105,Buffalo Stallions,5,0,played,FT,Tapestry Charter School Field
11566421,116112417,2nd Division,league,7658,,2026-08-02,,,,,,,,scheduled,,
11566422,116112417,2nd Division,league,7659,,2026-08-02,,,,,,,,scheduled,,
11566423,116112417,2nd Division,league,7660,CHAMP,2026-08-09,3:30 pm,,,,,,,scheduled,,Nichols School Peek
11566455,116112421,3rd Division,league,32,,2026-07-06,6:30 pm,31566782,Rust Belt United,75479677,nWo FC,2,2,played,,Sahlen's Sports Park Flash Fields 1
11566470,116112421,3rd Division,league,47,,2026-07-12,2:00 pm,35216066,Nanner FC,95088487,Buffalo Brighten Stars FC,,,scheduled,,Nichols School Strauss Truscott
11566471,116112421,3rd Division,league,48,,2026-07-12,4:00 pm,112652871,Badger Academy,75479665,Lasalle FC,5,0,played,FT,Sahlen's Sports Park Flash Fields 2
11566469,116112421,3rd Division,league,46,,2026-07-12,6:00 pm,116113111,Midnimo FC,114564784,Buffalo Evening,,,scheduled,,Buffalo State Coyer Field
11566472,116112421,3rd Division,league,49,,2026-07-12,6:00 pm,100608336,FC Munster,75479677,nWo FC,,,scheduled,,Sahlen's Sports Park Flash Fields 2
11566473,116112421,3rd Division,league,50,,2026-07-12,6:00 pm,112652891,Mavericks FC,31566782,Rust Belt United,,,scheduled,,Tapestry Charter School Field
11566457,116112421,3rd Division,league,34,,2026-07-16,6:30 pm,112652871,Badger Academy,112652891,Mavericks FC,,,scheduled,,Tapestry Charter School Field
11566476,116112421,3rd Division,league,53,,2026-07-19,4:00 pm,100608336,FC Munster,112652871,Badger Academy,,,scheduled,,Sahlen's Sports Park Flash Fields 1
11566474,116112421,3rd Division,league,51,,2026-07-19,6:00 pm,75479677,nWo FC,35216066,Nanner FC,,,scheduled,,Grand Island High School
11566475,116112421,3rd Division,league,52,,2026-07-19,6:00 pm,100607781,Lake Shore FC,116113111,Midnimo FC,,,scheduled,,Sahlen's Sports Park Flash Fields 1
11566478,116112421,3rd Division,league,55,,2026-07-19,6:00 pm,95088487,Buffalo Brighten Stars FC,112652891,Mavericks FC,,,scheduled,,Tapestry Charter School Field
11566477,116112421,3rd Division,league,54,,2026-07-19,8:00 pm,114564784,Buffalo Evening,75479665,Lasalle FC,,,scheduled,,Sahlen's Sports Park Flash Fields 1
11566479,116112421,3rd Division,league,56,,2026-07-26,,,,,,,,scheduled,,
11566480,116112421,3rd Division,league,57,,2026-07-26,,,,,,,,scheduled,,
11566425,116112421,3rd Division,league,2,,2026-04-26,2:00 pm,100608336,FC Munster,35216066,Nanner FC,1,2,played,,Mulroy Park Pierce Field
11566427,116112421,3rd Division,league,4,,2026-04-26,4:00 pm,112652871,Badger Academy,95088487,Buffalo Brighten Stars FC,0,0,played,,Sahlen's Sports Park Flash Fields 1
11566424,116112421,3rd Division,league,1,,2026-04-26,6:00 pm,75479677,nWo FC,100607781,Lake Shore FC,3,1,played,,Grand Island High School
11566426,116112421,3rd Division,league,3,,2026-04-26,6:00 pm,75479665,Lasalle FC,112652891,Mavericks FC,0,4,played,,Niagara Falls High School Front
11566428,116112421,3rd Division,league,5,,2026-04-26,8:00 pm,31566782,Rust Belt United,114564784,Buffalo Evening,1,0,played,,Sahlen's Sports Park Flash Fields 2
11566430,116112421,3rd Division,league,7,,2026-05-03,4:00 pm,112652871,Badger Academy,114564784,Buffalo Evening,4,0,played,,Mulroy Park Pierce Field
11566429,116112421,3rd Division,league,6,,2026-05-03,6:00 pm,75479677,nWo FC,112652891,Mavericks FC,3,0,played,,Grand Island High School
11566431,116112421,3rd Division,league,8,,2026-05-03,6:00 pm,75479665,Lasalle FC,31566782,Rust Belt United,1,5,played,,Niagara Falls High School Front
11566432,116112421,3rd Division,league,9,,2026-05-03,7:00 pm,100608336,FC Munster,100607781,Lake Shore FC,0,3,played,,Sahlen's Sports Park Flash Fields 2
11566433,116112421,3rd Division,league,10,,2026-05-04,8:30 pm,95088487,Buffalo Brighten Stars FC,116113111,Midnimo FC,0,2,played,,Buffalo State Coyer Field
11566434,116112421,3rd Division,league,11,,2026-05-10,2:00 pm,95088487,Buffalo Brighten Stars FC,100608336,FC Munster,1,0,played,,Buffalo State Coyer Field
11566435,116112421,3rd Division,league,12,,2026-05-10,2:00 pm,35216066,Nanner FC,75479665,Lasalle FC,5,0,played,,Nichols School Peek
11566436,116112421,3rd Division,league,13,,2026-05-10,6:00 pm,31566782,Rust Belt United,112652871,Badger Academy,1,1,played,,Nichols School Strauss Truscott
11566438,116112421,3rd Division,league,15,,2026-05-10,6:00 pm,112652891,Mavericks FC,116113111,Midnimo FC,2,3,played,,Tapestry Charter School Field
11566437,116112421,3rd Division,league,14,,2026-05-10,8:00 pm,114564784,Buffalo Evening,100607781,Lake Shore FC,0,5,played,,Sahlen's Sports Park Flash Fields 1
11566439,116112421,3rd Division,league,16,,2026-05-17,2:00 pm,95088487,Buffalo Brighten Stars FC,75479677,nWo FC,1,8,played,,Buffalo State Coyer Field
11566442,116112421,3rd Division,league,19,,2026-05-17,2:00 pm,35216066,Nanner FC,31566782,Rust Belt United,1,3,played,,Nichols School Strauss Truscott
11566440,116112421,3rd Division,league,17,,2026-05-17,6:00 pm,116113111,Midnimo FC,112652871,Badger Academy,8,2,played,,D'Youville College Dobson Field
11566441,116112421,3rd Division,league,18,,2026-05-17,6:00 pm,75479665,Lasalle FC,100608336,FC Munster,2,2,played,,Niagara Falls High School Front
11566443,116112421,3rd Division,league,20,,2026-05-17,6:00 pm,112652891,Mavericks FC,100607781,Lake Shore FC,2,3,played,,Tapestry Charter School Field
11566444,116112421,3rd Division,league,21,,2026-05-31,2:00 pm,114564784,Buffalo Evening,95088487,Buffalo Brighten Stars FC,3,3,played,,Buffalo State Coyer Field
11566446,116112421,3rd Division,league,23,,2026-05-31,4:00 pm,35216066,Nanner FC,112652871,Badger Academy,4,0,played,,Nichols School Strauss Truscott
11566445,116112421,3rd Division,league,22,,2026-05-31,6:00 pm,75479677,nWo FC,116113111,Midnimo FC,2,4,played,,Grand Island High School
11566447,116112421,3rd Division,league,24,,2026-06-01,8:00 pm,112652891,Mavericks FC,100608336,FC Munster,2,0,played,,D'Youville College Dobson Field
11566448,116112421,3rd Division,league,25,,2026-06-01,9:00 pm,100607781,Lake Shore FC,31566782,Rust Belt United,2,3,played,,Sahlen's Sports Park Flash Fields 2
11566449,116112421,3rd Division,league,26,,2026-06-07,4:00 pm,112652871,Badger Academy,75479677,nWo FC,0,0,played,,Buffalo State Coyer Field
11566452,116112421,3rd Division,league,29,,2026-06-07,4:00 pm,75479665,Lasalle FC,100607781,Lake Shore FC,2,1,played,,Niagara Falls High School Front
11566450,116112421,3rd Division,league,27,,2026-06-07,8:00 pm,116113111,Midnimo FC,31566782,Rust Belt United,0,2,played,,Buffalo State Coyer Field
11566451,116112421,3rd Division,league,28,,2026-06-07,8:00 pm,114564784,Buffalo Evening,100608336,FC Munster,1,2,played,,D'Youville College Dobson Field
11566453,116112421,3rd Division,league,30,,2026-06-07,8:00 pm,112652891,Mavericks FC,35216066,Nanner FC,2,3,played,,Tapestry Charter School Field
11566456,116112421,3rd Division,league,33,,2026-06-14,2:00 pm,100607781,Lake Shore FC,95088487,Buffalo Brighten Stars FC,0,1,played,,Sahlen's Sports Park Flash Fields 1
11566454,116112421,3rd Division,league,31,,2026-06-14,4:00 pm,116113111,Midnimo FC,75479665,Lasalle FC,5,0,played,FT,Buffalo State Coyer Field
11566458,116112421,3rd Division,league,35,,2026-06-15,9:00 pm,35216066,Nanner FC,114564784,Buffalo Evening,5,2,played,,Sahlen's Sports Park Flash Fields 1
11566461,116112421,3rd Division,league,38,,2026-06-21,2:00 pm,114564784,Buffalo Evening,112652891,Mavericks FC,1,1,played,,Sahlen's Sports Park Flash Fields 1
11566462,116112421,3rd Division,league,39,,2026-06-21,2:00 pm,100607781,Lake Shore FC,35216066,Nanner FC,3,0,played,,Sahlen's Sports Park Flash Fields 2
11566459,116112421,3rd Division,league,36,,2026-06-21,4:00 pm,75479665,Lasalle FC,75479677,nWo FC,0,4,played,,Niagara Falls High School Front
11566460,116112421,3rd Division,league,37,,2026-06-21,4:00 pm,31566782,Rust Belt United,95088487,Buffalo Brighten Stars FC,3,0,played,,Nichols School Strauss Truscott
11566463,116112421,3rd Division,league,40,,2026-06-21,8:00 pm,100608336,FC Munster,116113111,Midnimo FC,1,5,played,,Sahlen's Sports Park Flash Fields 2
11566464,116112421,3rd Division,league,41,,2026-06-28,6:00 pm,116113111,Midnimo FC,35216066,Nanner FC,2,6,played,,Buffalo State Coyer Field
11566465,116112421,3rd Division,league,42,,2026-06-28,6:00 pm,75479677,nWo FC,114564784,Buffalo Evening,1,1,played,,Grand Island High School
11566466,116112421,3rd Division,league,43,,2026-06-28,6:00 pm,100607781,Lake Shore FC,112652871,Badger Academy,2,0,played,,Nichols School Strauss Truscott
11566467,116112421,3rd Division,league,44,,2026-06-28,8:00 pm,31566782,Rust Belt United,100608336,FC Munster,4,0,played,,Sahlen's Sports Park Flash Fields 2
11566468,116112421,3rd Division,league,45,,2026-06-29,6:30 pm,95088487,Buffalo Brighten Stars FC,75479665,Lasalle FC,1,1,played,,Buffalo State Coyer Field
11566481,116112421,3rd Division,league,58,,2026-08-02,,,,,,,,scheduled,,
11566482,116112421,3rd Division,league,59,,2026-08-02,,,,,,,,scheduled,,
11566483,116112421,3rd Division,league,60,CHAMP,2026-08-09,1:30 pm,,,,,,,scheduled,,Nichols School Strauss Truscott
11566528,116112419,4th Divison,league,9445,,2026-07-06,6:30 pm,10359077,WNY United Reds,110307848,North Collins United,2,4,played,,Sahlen's Sports Park Flash Fields 2
11566509,116112419,4th Divison,league,9426,,2026-07-09,8:45 pm,75479695,Big Green SC,116113108,Saransthan FC,1,3,played,,Mulroy Park Pierce Field
11566520,116112419,4th Divison,league,9437,,2026-07-12,5:00 pm,10359077,WNY United Reds,116153896,Erie Kats,5,0,played,FT,Sahlen's Sports Park Flash Fields 1
11566497,116112419,4th Divison,league,9414,,2026-07-12,6:00 pm,10359062,Tonawanda United,75479695,Big Green SC,,,scheduled,,Ives Pond 1
11566534,116112419,4th Divison,league,9451,,2026-07-12,6:00 pm,59262126,Celtic Classic,116113117,Flamingo FC,,,scheduled,,St. Joe's Collegiate Institute Field
11566486,116112419,4th Divison,league,9403,,2026-07-12,8:00 pm,116113108,Saransthan FC,112652894,Huskies FC,,,scheduled,,Buffalo State Coyer Field
11566487,116112419,4th Divison,league,9404,,2026-07-13,6:30 pm,116113120,Phoenix FC,110307848,North Collins United,,,scheduled,,Buffalo State Coyer Field
11566530,116112419,4th Divison,league,9447,,2026-07-17,6:30 pm,116113117,Flamingo FC,116113120,Phoenix FC,,,scheduled,,Nichols School Strauss Truscott
11566492,116112419,4th Divison,league,9409,,2026-07-19,6:00 pm,116153896,Erie Kats,75479695,Big Green SC,0,5,played,FT,ECC North
11566501,116112419,4th Divison,league,9418,,2026-07-19,6:00 pm,10359062,Tonawanda United,110307848,North Collins United,,,scheduled,,Ives Pond 1
11566506,116112419,4th Divison,league,9423,,2026-07-19,6:00 pm,112652894,Huskies FC,10359077,WNY United Reds,,,scheduled,,Maryvale High School Field
11566535,116112419,4th Divison,league,9452,,2026-07-19,6:00 pm,59262126,Celtic Classic,106802178,Queen City AFC,,,scheduled,,St. Joe's Collegiate Institute Field
11566539,116112419,4th Divison,league,9456,,2026-07-26,,,,,,,,scheduled,,
11566540,116112419,4th Divison,league,9457,,2026-07-26,,,,,,,,scheduled,,
11566529,116112419,4th Divison,league,9446,,,,75479695,Big Green SC,116113120,Phoenix FC,,,scheduled,,
11566517,116112419,4th Divison,league,9434,,2026-04-26,2:00 pm,106802178,Queen City AFC,10359077,WNY United Reds,4,0,played,,Nichols School Peek
11566525,116112419,4th Divison,league,9442,,2026-04-26,2:00 pm,116113117,Flamingo FC,75479695,Big Green SC,3,0,played,,Sahlen's Sports Park Flash Fields 2
11566507,116112419,4th Divison,league,9424,,2026-04-26,4:00 pm,110307848,North Collins United,116153896,Erie Kats,6,0,played,,Mulroy Park Pierce Field
11566527,116112419,4th Divison,league,9444,,2026-04-26,4:00 pm,116113120,Phoenix FC,112652894,Huskies FC,1,0,played,,Sahlen's Sports Park Flash Fields 2
11566491,116112419,4th Divison,league,9408,,2026-04-26,6:00 pm,116113108,Saransthan FC,10359062,Tonawanda United,6,2,played,,Buffalo State Coyer Field
11566512,116112419,4th Divison,league,9429,,2026-05-03,4:00 pm,106802178,Queen City AFC,116153896,Erie Kats,5,0,played,,Nichols School Peek
11566510,116112419,4th Divison,league,9427,,2026-05-03,6:00 pm,10359077,WNY United Reds,10359062,Tonawanda United,0,0,played,,Mulroy Park Pierce Field
11566508,116112419,4th Divison,league,9425,,2026-05-03,8:00 pm,116113117,Flamingo FC,112652894,Huskies FC,5,2,played,,Mulroy Park Pierce Field
11566484,116112419,4th Divison,league,9401,,2026-05-04,6:30 pm,116113120,Phoenix FC,59262126,Celtic Classic,3,2,played,,Buffalo State Coyer Field
11566516,116112419,4th Divison,league,9433,,2026-05-10,4:00 pm,110307848,North Collins United,116113108,Saransthan FC,4,1,played,,Nichols School Peek
11566524,116112419,4th Divison,league,9441,,2026-05-10,4:00 pm,116113120,Phoenix FC,10359077,WNY United Reds,0,3,played,,Sahlen's Sports Park Flash Fields 1
11566533,116112419,4th Divison,league,9450,,2026-05-10,4:00 pm,59262126,Celtic Classic,75479695,Big Green SC,3,1,played,,St. Joe's Collegiate Institute Field
11566500,116112419,4th Divison,league,9417,,2026-05-10,6:00 pm,10359062,Tonawanda United,112652894,Huskies FC,7,0,played,,Niagara Falls High School Front
11566521,116112419,4th Divison,league,9438,,2026-05-10,6:00 pm,116113117,Flamingo FC,106802178,Queen City AFC,0,1,played,,Sahlen's Sports Park Flash Fields 1
11566522,116112419,4th Divison,league,9439,,2026-05-17,4:00 pm,10359077,WNY United Reds,116113108,Saransthan FC,1,3,played,,Sahlen's Sports Park Flash Fields 1
11566514,116112419,4th Divison,league,9431,,2026-05-17,6:00 pm,110307848,North Collins United,112652894,Huskies FC,6,3,played,,Nichols School Peek
11566531,116112419,4th Divison,league,9448,,2026-05-17,7:00 pm,75479695,Big Green SC,106802178,Queen City AFC,1,5,played,,Sahlen's Sports Park Flash Fields 2
11566498,116112419,4th Divison,league,9415,,2026-05-17,8:00 pm,10359062,Tonawanda United,59262126,Celtic Classic,5,0,played,,Mulroy Park Pierce Field
11566519,116112419,4th Divison,league,9436,,2026-05-17,8:00 pm,116113117,Flamingo FC,116153896,Erie Kats,9,0,played,,Sahlen's Sports Park Flash Fields 1
11566489,116112419,4th Divison,league,9406,,2026-05-31,4:00 pm,116113108,Saransthan FC,106802178,Queen City AFC,0,4,played,,Buffalo State Coyer Field
11566503,116112419,4th Divison,league,9420,,2026-05-31,4:00 pm,112652894,Huskies FC,59262126,Celtic Classic,1,2,played,,Maryvale High School Field
11566526,116112419,4th Divison,league,9443,,2026-05-31,4:00 pm,10359077,WNY United Reds,116113117,Flamingo FC,2,0,played,,Mulroy Park Pierce Field
11566494,116112419,4th Divison,league,9411,,2026-05-31,8:00 pm,116153896,Erie Kats,116113120,Phoenix FC,0,5,played,FT,D'Youville College Dobson Field
11566538,116112419,4th Divison,league,9455,,2026-06-01,9:00 pm,75479695,Big Green SC,110307848,North Collins United,0,7,played,,Sahlen's Sports Park Flash Fields 1
11566488,116112419,4th Divison,league,9405,,2026-06-07,2:00 pm,116113108,Saransthan FC,116113120,Phoenix FC,1,0,played,,Buffalo State Coyer Field
11566515,116112419,4th Divison,league,9432,,2026-06-07,2:00 pm,106802178,Queen City AFC,110307848,North Collins United,2,0,played,,Nichols School Peek
11566504,116112419,4th Divison,league,9421,,2026-06-07,4:00 pm,112652894,Huskies FC,116153896,Erie Kats,5,0,played,FT,Maryvale High School Field
11566537,116112419,4th Divison,league,9454,,2026-06-07,4:00 pm,59262126,Celtic Classic,10359077,WNY United Reds,2,2,played,,St. Joe's Collegiate Institute Field
11566499,116112419,4th Divison,league,9416,,2026-06-07,6:00 pm,10359062,Tonawanda United,116113117,Flamingo FC,1,3,played,,Ives Pond 1
11566493,116112419,4th Divison,league,9410,,2026-06-14,6:00 pm,116153896,Erie Kats,59262126,Celtic Classic,0,5,played,FT,ECC North
11566485,116112419,4th Divison,league,9402,,2026-06-15,6:30 pm,116113108,Saransthan FC,116113117,Flamingo FC,3,4,played,,Buffalo State Coyer Field
11566490,116112419,4th Divison,league,9407,,2026-06-15,8:30 pm,106802178,Queen City AFC,10359062,Tonawanda United,0,0,played,,Buffalo State Coyer Field
11566518,116112419,4th Divison,league,9435,,2026-06-21,2:00 pm,106802178,Queen City AFC,116113120,Phoenix FC,0,0,played,,Nichols School Strauss Truscott
11566496,116112419,4th Divison,league,9413,,2026-06-21,4:00 pm,116153896,Erie Kats,10359062,Tonawanda United,0,5,played,FT,ECC North
11566536,116112419,4th Divison,league,9453,,2026-06-21,4:00 pm,59262126,Celtic Classic,116113108,Saransthan FC,1,1,played,,St. Joe's Collegiate Institute Field
11566502,116112419,4th Divison,league,9419,,2026-06-21,6:00 pm,112652894,Huskies FC,75479695,Big Green SC,8,1,played,,Maryvale High School Field
11566513,116112419,4th Divison,league,9430,,2026-06-21,6:00 pm,110307848,North Collins United,116113117,Flamingo FC,0,1,played,,Nichols School Peek
11566511,116112419,4th Divison,league,9428,,2026-06-28,2:00 pm,110307848,North Collins United,59262126,Celtic Classic,2,2,played,,Nichols School Peek
11566532,116112419,4th Divison,league,9449,,2026-06-28,2:00 pm,116113120,Phoenix FC,10359062,Tonawanda United,0,0,played,,Sahlen's Sports Park Flash Fields 2
11566495,116112419,4th Divison,league,9412,,2026-06-28,6:00 pm,116153896,Erie Kats,116113108,Saransthan FC,0,5,played,FT,ECC North
11566505,116112419,4th Divison,league,9422,,2026-06-28,6:00 pm,112652894,Huskies FC,106802178,Queen City AFC,1,5,played,,Maryvale High School Field
11566523,116112419,4th Divison,league,9440,,2026-06-28,6:00 pm,75479695,Big Green SC,10359077,WNY United Reds,2,1,played,,Sahlen's Sports Park Flash Fields 1
11566541,116112419,4th Divison,league,9458,,2026-08-02,,,,,,,,scheduled,,
11566542,116112419,4th Divison,league,9459,,2026-08-02,,,,,,,,scheduled,,
11566543,116112419,4th Divison,league,9460,CHAMP,2026-08-09,1:15 pm,,,,,,,scheduled,,Nichols School Peek
11595275,116112420,Over 35,over35,3538,,2026-07-07,8:30 pm,106830132,Enigma FC,46512669,Oranje,5,0,played,,Tapestry Charter School Field
11595278,116112420,Over 35,over35,3541,,2026-07-10,6:30 pm,46512672,Blue Stars FC,112652919,Blue Heavy FC,7,1,played,,Nichols School Peek
11595279,116112420,Over 35,over35,3542,,2026-07-10,6:30 pm,114564965,International Friendlies,116116673,Azzurri Stallions,1,5,played,,Sahlen's Sports Park Flash Fields 1
11595281,116112420,Over 35,over35,3544,,2026-07-10,6:30 pm,112652922,West United Rowdies,98469084,Thundercats FC,,,scheduled,,Sahlen's Sports Park Flash Fields 2
11595280,116112420,Over 35,over35,3543,,2026-07-10,8:30 pm,46512675,Lykan Next,10350976,SoHo FC,5,0,played,FT,Sahlen's Sports Park Flash Fields 1
11595282,116112420,Over 35,over35,3545,,2026-07-10,8:30 pm,46512669,Oranje,106900649,OLDevils FC,9,1,played,,Sahlen's Sports Park Flash Fields 2
11595283,116112420,Over 35,over35,3546,,2026-07-17,6:30 pm,114564965,International Friendlies,106900649,OLDevils FC,,,scheduled,,Nichols School Peek
11595284,116112420,Over 35,over35,3547,,2026-07-17,6:30 pm,10350976,SoHo FC,46512672,Blue Stars FC,,,scheduled,,Sahlen's Sports Park Flash Fields 1
11595286,116112420,Over 35,over35,3549,,2026-07-17,6:30 pm,112652919,Blue Heavy FC,46512675,Lykan Next,,,scheduled,,Sahlen's Sports Park Flash Fields 2
11595285,116112420,Over 35,over35,3548,,2026-07-17,8:30 pm,116116673,Azzurri Stallions,112652922,West United Rowdies,,,scheduled,,Sahlen's Sports Park Flash Fields 1
11595287,116112420,Over 35,over35,3550,,2026-07-17,8:30 pm,46512669,Oranje,106830132,Enigma FC,,,scheduled,,Sahlen's Sports Park Flash Fields 2
11595288,116112420,Over 35,over35,3551,,2026-07-24,6:30 pm,46512672,Blue Stars FC,106830132,Enigma FC,,,scheduled,,Nichols School Peek
11595289,116112420,Over 35,over35,3552,,2026-07-24,6:30 pm,106900649,OLDevils FC,114564965,International Friendlies,,,scheduled,,Sahlen's Sports Park Flash Fields 1
11595291,116112420,Over 35,over35,3554,,2026-07-24,6:30 pm,112652922,West United Rowdies,116116673,Azzurri Stallions,,,scheduled,,Sahlen's Sports Park Flash Fields 2
11595290,116112420,Over 35,over35,3553,,2026-07-24,8:30 pm,10350976,SoHo FC,98469084,Thundercats FC,,,scheduled,,Sahlen's Sports Park Flash Fields 1
11595292,116112420,Over 35,over35,3555,,2026-07-24,8:30 pm,46512669,Oranje,46512675,Lykan Next,,,scheduled,,Sahlen's Sports Park Flash Fields 2
11595293,116112420,Over 35,over35,3556,,2026-07-31,7:30 pm,,,,,,,scheduled,,Sahlen's Sports Park Flash Fields 1
11595294,116112420,Over 35,over35,3557,,2026-07-31,7:30 pm,,,,,,,scheduled,,Sahlen's Sports Park Flash Fields 2
11595239,116112420,Over 35,over35,3502,,2026-05-01,6:30 pm,10350976,SoHo FC,112652922,West United Rowdies,4,0,played,,Sahlen's Sports Park Flash Fields 1
11595241,116112420,Over 35,over35,3504,,2026-05-01,6:30 pm,112652919,Blue Heavy FC,114564965,International Friendlies,0,0,played,,Sahlen's Sports Park Flash Fields 2
11595238,116112420,Over 35,over35,3501,,2026-05-01,8:30 pm,116116673,Azzurri Stallions,106900649,OLDevils FC,2,0,played,,Mulroy Park Pierce Field
11595242,116112420,Over 35,over35,3505,,2026-05-01,8:30 pm,46512669,Oranje,98469084,Thundercats FC,6,0,played,,Sahlen's Sports Park Flash Fields 2
11595245,116112420,Over 35,over35,3508,,2026-05-08,6:00 pm,46512669,Oranje,112652919,Blue Heavy FC,5,0,played,,Mulroy Park Pierce Field
11595244,116112420,Over 35,over35,3507,,2026-05-08,6:30 pm,112652922,West United Rowdies,106900649,OLDevils FC,0,2,played,,Sahlen's Sports Park Flash Fields 1
11595246,116112420,Over 35,over35,3509,,2026-05-08,6:30 pm,46512672,Blue Stars FC,46512675,Lykan Next,2,0,played,,Sahlen's Sports Park Flash Fields 2
11595243,116112420,Over 35,over35,3506,,2026-05-08,8:30 pm,114564965,International Friendlies,98469084,Thundercats FC,0,1,played,,Mulroy Park Pierce Field
11595247,116112420,Over 35,over35,3510,,2026-05-08,8:30 pm,106830132,Enigma FC,116116673,Azzurri Stallions,3,0,played,,Sahlen's Sports Park Flash Fields 2
11595248,116112420,Over 35,over35,3511,,2026-05-15,6:30 pm,106900649,OLDevils FC,10350976,SoHo FC,1,3,played,,Nichols School Peek
11595249,116112420,Over 35,over35,3512,,2026-05-15,6:30 pm,112652919,Blue Heavy FC,106830132,Enigma FC,0,7,played,,Sahlen's Sports Park Flash Fields 1
11595251,116112420,Over 35,over35,3514,,2026-05-15,6:30 pm,114564965,International Friendlies,112652922,West United Rowdies,0,4,played,,Sahlen's Sports Park Flash Fields 2
11595250,116112420,Over 35,over35,3513,,2026-05-15,8:30 pm,46512669,Oranje,46512672,Blue Stars FC,0,1,played,,Sahlen's Sports Park Flash Fields 1
11595252,116112420,Over 35,over35,3515,,2026-05-15,8:30 pm,98469084,Thundercats FC,116116673,Azzurri Stallions,2,3,played,,Sahlen's Sports Park Flash Fields 2
11595253,116112420,Over 35,over35,3516,,2026-05-29,6:30 pm,106900649,OLDevils FC,112652922,West United Rowdies,3,3,played,,Nichols School Peek
11595254,116112420,Over 35,over35,3517,,2026-05-29,6:30 pm,106830132,Enigma FC,46512675,Lykan Next,2,1,played,,Sahlen's Sports Park Flash Fields 1
11595256,116112420,Over 35,over35,3519,,2026-05-29,6:30 pm,116116673,Azzurri Stallions,112652919,Blue Heavy FC,4,1,played,,Sahlen's Sports Park Flash Fields 2
11595255,116112420,Over 35,over35,3518,,2026-05-29,8:30 pm,98469084,Thundercats FC,46512672,Blue Stars FC,0,5,played,,Sahlen's Sports Park Flash Fields 1
11595257,116112420,Over 35,over35,3520,,2026-05-29,8:30 pm,10350976,SoHo FC,46512669,Oranje,0,7,played,,Sahlen's Sports Park Flash Fields 2
11595259,116112420,Over 35,over35,3522,,2026-06-05,6:30 pm,116116673,Azzurri Stallions,10350976,SoHo FC,4,0,played,,Sahlen's Sports Park Flash Fields 1
11595261,116112420,Over 35,over35,3524,,2026-06-05,6:30 pm,98469084,Thundercats FC,106830132,Enigma FC,0,7,played,,Sahlen's Sports Park Flash Fields 2
11595258,116112420,Over 35,over35,3521,,2026-06-05,8:30 pm,114564965,International Friendlies,46512672,Blue Stars FC,0,7,played,,Mulroy Park Pierce Field
11595260,116112420,Over 35,over35,3523,,2026-06-05,8:30 pm,46512675,Lykan Next,46512669,Oranje,6,2,played,,Sahlen's Sports Park Flash Fields 1
11595262,116112420,Over 35,over35,3525,,2026-06-05,8:30 pm,112652919,Blue Heavy FC,112652922,West United Rowdies,1,1,played,,Sahlen's Sports Park Flash Fields 2
11595263,116112420,Over 35,over35,3526,,2026-06-12,6:30 pm,106830132,Enigma FC,46512672,Blue Stars FC,1,3,played,,Nichols School Peek
11595264,116112420,Over 35,over35,3527,,2026-06-12,6:30 pm,98469084,Thundercats FC,106900649,OLDevils FC,5,0,played,FT,Sahlen's Sports Park Flash Fields 1
11595266,116112420,Over 35,over35,3529,,2026-06-12,6:30 pm,116116673,Azzurri Stallions,114564965,International Friendlies,1,1,played,,Sahlen's Sports Park Flash Fields 2
11595267,116112420,Over 35,over35,3530,,2026-06-12,6:30 pm,112652919,Blue Heavy FC,10350976,SoHo FC,0,3,played,,Tapestry Charter School Field
11595265,116112420,Over 35,over35,3528,,2026-06-12,8:30 pm,112652922,West United Rowdies,46512675,Lykan Next,0,0,played,,Sahlen's Sports Park Flash Fields 1
11595268,116112420,Over 35,over35,3531,,2026-06-19,6:30 pm,46512672,Blue Stars FC,46512669,Oranje,1,2,played,,Nichols School Peek
11595269,116112420,Over 35,over35,3532,,2026-06-19,6:30 pm,46512675,Lykan Next,98469084,Thundercats FC,6,0,played,,Sahlen's Sports Park Flash Fields 1
11595271,116112420,Over 35,over35,3534,,2026-06-19,6:30 pm,112652922,West United Rowdies,114564965,International Friendlies,1,1,played,,Sahlen's Sports Park Flash Fields 2
11595270,116112420,Over 35,over35,3533,,2026-06-19,8:30 pm,106830132,Enigma FC,10350976,SoHo FC,5,0,played,,Sahlen's Sports Park Flash Fields 1
11595272,116112420,Over 35,over35,3535,,2026-06-19,8:30 pm,106900649,OLDevils FC,112652919,Blue Heavy FC,0,0,played,,Sahlen's Sports Park Flash Fields 2
11595273,116112420,Over 35,over35,3536,,2026-06-26,6:30 pm,106900649,OLDevils FC,116116673,Azzurri Stallions,3,1,played,,Nichols School Peek
11595274,116112420,Over 35,over35,3537,,2026-06-26,6:30 pm,46512675,Lykan Next,46512672,Blue Stars FC,1,3,played,,Sahlen's Sports Park Flash Fields 1
11595276,116112420,Over 35,over35,3539,,2026-06-26,6:30 pm,98469084,Thundercats FC,112652919,Blue Heavy FC,2,1,played,,Sahlen's Sports Park Flash Fields 2
11595277,116112420,Over 35,over35,3540,,2026-06-26,8:30 pm,10350976,SoHo FC,114564965,International Friendlies,2,1,played,,Sahlen's Sports Park Flash Fields 2
11595240,116112420,Over 35,over35,3503,,2026-06-30,7:30 pm,46512675,Lykan Next,106830132,Enigma FC,0,2,played,,Tapestry Charter School Field
11595295,116112420,Over 35,over35,3558,,2026-08-07,7:30 pm,,,,,,,scheduled,,Sahlen's Sports Park Flash Fields 1
11595296,116112420,Over 35,over35,3559,,2026-08-07,8:00 pm,,,,,,,scheduled,,Sahlen's Sports Park Flash Fields 2
11574587,116537290,Tehel Cup,cup,502,,2026-05-14,6:30 pm,26891552,Buffalo Celtic,110307361,Queen City Gunners,5,1,played,,Buffalo State Coyer Field
11574589,116537290,Tehel Cup,cup,504,,2026-05-14,6:30 pm,75159993,Revolution SC,75479674,Los Chupacabras,1,0,played,,Nichols School Strauss Truscott
11574586,116537290,Tehel Cup,cup,501,,2026-05-14,8:30 pm,10359092,Ukraine,116113075,Germania FC,1,1,played,PK,Tapestry Charter School Field
11574590,116537290,Tehel Cup,cup,505,,2026-05-14,9:00 pm,91256980,Olean 1854 FC,110307225,Buffalo Stallions FC,5,1,played,,Sahlen's Sports Park Flash Fields 1
11574591,116537290,Tehel Cup,cup,506,,2026-05-14,9:00 pm,106801557,Cattaraugus County FC,95088186,Sporting Cavs,0,2,played,,Sahlen's Sports Park Flash Fields 2
11574588,116537290,Tehel Cup,cup,503,,2026-05-21,8:30 pm,106801546,Rance FC,45429017,Borussia Bees,4,5,played,,Mulroy Park Pierce Field
11574592,116537290,Tehel Cup,cup,507,,2026-05-28,6:30 pm,110307361,Queen City Gunners,75159915,NMB FC,0,8,played,,Nichols School Strauss Truscott
11574595,116537290,Tehel Cup,cup,510,,2026-06-04,6:30 pm,75479641,Williamsville Willies,10359035,Queenston FC,0,3,played,,Buffalo State Coyer Field
11574593,116537290,Tehel Cup,cup,508,,2026-06-04,6:30 pm,91257538,Medina Mustangs FC,106801557,Cattaraugus County FC,3,0,played,FT,Tapestry Charter School Field
11574596,116537290,Tehel Cup,cup,511,,2026-06-04,8:30 pm,110307225,Buffalo Stallions FC,95088661,Westside Blitz,0,3,played,FT,Buffalo State Coyer Field
11574594,116537290,Tehel Cup,cup,509,,2026-06-04,8:30 pm,26895907,Amherst Sharpshooters,106801546,Rance FC,3,0,played,FT,Tapestry Charter School Field
11574597,116537290,Tehel Cup,cup,512,,2026-06-04,9:00 pm,75479674,Los Chupacabras,18647016,Buffalo United SS,0,3,played,FT,Sahlen's Sports Park Flash Fields 1
11574598,116537290,Tehel Cup,cup,513,,2026-06-04,9:00 pm,10359092,Ukraine,10350991,BSC Raiders,1,3,played,,Sahlen's Sports Park Flash Fields 2
11574585,116537290,Tehel Cup,cup,500,,2026-06-11,8:30 pm,75479641,Williamsville Willies,10359117,Buffalo Italia FC,0,3,played,FT,Mulroy Park Pierce Field
11574599,116537290,Tehel Cup,cup,514,,2026-06-17,8:00 pm,91257538,Medina Mustangs FC,95088186,Sporting Cavs,1,2,played,,D'Youville College Dobson Field
11574601,116537290,Tehel Cup,cup,516,,2026-06-25,6:30 pm,45429017,Borussia Bees,26895907,Amherst Sharpshooters,0,1,played,,Buffalo State Coyer Field
11574603,116537290,Tehel Cup,cup,518,,2026-06-25,7:00 pm,91256980,Olean 1854 FC,95088661,Westside Blitz,1,4,played,,Mulroy Park Pierce Field
11574602,116537290,Tehel Cup,cup,517,,2026-06-25,8:30 pm,10359035,Queenston FC,10359117,Buffalo Italia FC,5,2,played,,Buffalo State Coyer Field
11574600,116537290,Tehel Cup,cup,515,,2026-06-25,8:30 pm,26891552,Buffalo Celtic,75159915,NMB FC,4,4,played,PK,Tapestry Charter School Field
11574604,116537290,Tehel Cup,cup,519,,2026-06-25,9:00 pm,116113075,Germania FC,10350991,BSC Raiders,0,3,played,FT,Sahlen's Sports Park Flash Fields 1
11574605,116537290,Tehel Cup,cup,520,,2026-06-25,9:00 pm,18647016,Buffalo United SS,75159993,Revolution SC,2,1,played,,Sahlen's Sports Park Flash Fields 2
11574606,116537290,Tehel Cup,cup,521,,2026-07-16,6:30 pm,26891552,Buffalo Celtic,95088661,Westside Blitz,,,scheduled,,Buffalo State Coyer Field
11574608,116537290,Tehel Cup,cup,523,,2026-07-16,6:30 pm,75159915,NMB FC,26895907,Amherst Sharpshooters,,,scheduled,,Sahlen's Sports Park Flash Fields 2
11574607,116537290,Tehel Cup,cup,522,,2026-07-16,8:30 pm,18647016,Buffalo United SS,95088186,Sporting Cavs,,,scheduled,,Buffalo State Coyer Field
11574609,116537290,Tehel Cup,cup,524,,2026-07-16,8:30 pm,10350991,BSC Raiders,10359035,Queenston FC,,,scheduled,,Sahlen's Sports Park Flash Fields 2
11574610,116537290,Tehel Cup,cup,525,,2026-07-23,8:00 pm,,,,,,,scheduled,,
11574611,116537290,Tehel Cup,cup,526,,2026-07-23,8:30 pm,,,,,,,scheduled,,Sahlen's Sports Park Flash Fields 1
11574612,116537290,Tehel Cup,cup,527,,2026-07-30,8:30 pm,,,,,,,scheduled,,Sahlen's Sports Park Flash Fields 1
11574641,116537289,Wood Cup,cup,300,,2026-04-30,9:00 pm,114564698,Kunz Premier,114564787,WNY Phoenix,1,2,played,,Sahlen's Sports Park Flash Fields 2
11574642,116537289,Wood Cup,cup,301,,2026-05-07,6:30 pm,110307763,Buffalo Night,12579571,Devils,4,1,played,,Buffalo State Coyer Field
11574643,116537289,Wood Cup,cup,302,,2026-05-07,8:30 pm,95088658,United Warriors,10359005,Clarence Coyotes,2,2,played,PK,Buffalo State Coyer Field
11574644,116537289,Wood Cup,cup,303,,2026-05-07,9:00 pm,75479680,Honey Badgers,114564610,Mandem FC,1,2,played,,Sahlen's Sports Park Flash Fields 1
11574645,116537289,Wood Cup,cup,304,,2026-05-07,9:00 pm,98469009,Infinity FC,98469017,Buffalo Cosmos,5,1,played,,Sahlen's Sports Park Flash Fields 2
11574651,116537289,Wood Cup,cup,310,,2026-05-28,6:30 pm,75479662,Celtic Brigade,98469017,Buffalo Cosmos,9,3,played,,Buffalo State Coyer Field
11574649,116537289,Wood Cup,cup,308,,2026-05-28,6:30 pm,114564698,Kunz Premier,116113105,Buffalo Stallions,1,6,played,,Tapestry Charter School Field
11574652,116537289,Wood Cup,cup,311,,2026-05-28,8:30 pm,116113094,Stallions FC,10359005,Clarence Coyotes,3,3,played,PK,Buffalo State Coyer Field
11574650,116537289,Wood Cup,cup,309,,2026-05-28,8:30 pm,75479680,Honey Badgers,10359111,Crimson Fire FC,2,4,played,,Tapestry Charter School Field
11574647,116537289,Wood Cup,cup,306,,2026-05-28,9:00 pm,75159990,Great White Buffalo,100608342,Hamburg Monarchs SC,1,0,played,,Sahlen's Sports Park Flash Fields 1
11574648,116537289,Wood Cup,cup,307,,2026-05-28,9:00 pm,46021389,Outlaws,12579571,Devils,4,1,played,,Sahlen's Sports Park Flash Fields 2
11574655,116537289,Wood Cup,cup,314,,2026-06-18,6:30 pm,114564614,Chargers FC,75159990,Great White Buffalo,2,3,played,,Tapestry Charter School Field
11574658,116537289,Wood Cup,cup,317,,2026-06-18,8:30 pm,114564610,Mandem FC,10359111,Crimson Fire FC,1,1,played,PK,Buffalo State Coyer Field
11574656,116537289,Wood Cup,cup,315,,2026-06-18,8:30 pm,98469009,Infinity FC,75479662,Celtic Brigade,3,1,played,,Tapestry Charter School Field
11574653,116537289,Wood Cup,cup,312,,2026-06-18,9:00 pm,110307763,Buffalo Night,46021389,Outlaws,3,3,played,PK,Sahlen's Sports Park Flash Fields 1
11574654,116537289,Wood Cup,cup,313,,2026-06-18,9:00 pm,116113094,Stallions FC,95088658,United Warriors,1,5,played,,Sahlen's Sports Park Flash Fields 2
11574657,116537289,Wood Cup,cup,316,,2026-07-02,8:30 pm,116113105,Buffalo Stallions,114564787,WNY Phoenix,2,3,played,,Tapestry Charter School Field
11574661,116537289,Wood Cup,cup,320,,2026-07-09,6:30 pm,98469009,Infinity FC,114564787,WNY Phoenix,5,4,played,,Sahlen's Sports Park Flash Fields 2
11574660,116537289,Wood Cup,cup,319,,2026-07-09,8:30 pm,95088658,United Warriors,10359111,Crimson Fire FC,,,scheduled,,Buffalo State Coyer Field
11574662,116537289,Wood Cup,cup,321,,2026-07-09,8:30 pm,110307763,Buffalo Night,114564610,Mandem FC,,,scheduled,,Sahlen's Sports Park Flash Fields 2
11574659,116537289,Wood Cup,cup,318,,2026-07-09,8:30 pm,46021389,Outlaws,75159990,Great White Buffalo,0,3,played,,Tapestry Charter School Field
11574663,116537289,Wood Cup,cup,322,,2026-07-23,6:30 pm,,,,,,,scheduled,,Sahlen's Sports Park Flash Fields 2
11574664,116537289,Wood Cup,cup,323,,2026-07-23,8:30 pm,,,,,,,scheduled,,Sahlen's Sports Park Flash Fields 2
11574665,116537289,Wood Cup,cup,324,,2026-07-30,7:30 pm,,,,,,,scheduled,,Sahlen's Sports Park Flash Fields 2
11574646,116537289,Wood Cup,cup,305,,,,114564614,Chargers FC,100608342,Hamburg Monarchs SC,,,scheduled,,
11574615,116537291,Matthews Cup,cup,402,,2026-04-30,6:30 pm,10359062,Tonawanda United,112652894,Huskies FC,4,2,played,,Buffalo State Coyer Field
11574617,116537291,Matthews Cup,cup,404,,2026-04-30,6:30 pm,10359077,WNY United Reds,116153896,Erie Kats,3,0,played,FT,Mulroy Park Pierce Field
11574613,116537291,Matthews Cup,cup,400,,2026-04-30,6:30 pm,112652871,Badger Academy,116113111,Midnimo FC,0,5,played,,Tapestry Charter School Field
11574616,116537291,Matthews Cup,cup,403,,2026-04-30,8:30 pm,116113120,Phoenix FC,75479665,Lasalle FC,1,3,played,,Buffalo State Coyer Field
11574618,116537291,Matthews Cup,cup,405,,2026-04-30,8:30 pm,75479695,Big Green SC,59262126,Celtic Classic,0,6,played,,Mulroy Park Pierce Field
11574614,116537291,Matthews Cup,cup,401,,2026-04-30,8:30 pm,110307848,North Collins United,114564784,Buffalo Evening,1,0,played,,Tapestry Charter School Field
11574619,116537291,Matthews Cup,cup,406,,2026-04-30,9:00 pm,116113108,Saransthan FC,106802178,Queen City AFC,1,1,played,PK,Sahlen's Sports Park Flash Fields 1
11574622,116537291,Matthews Cup,cup,409,,2026-05-21,6:30 pm,116113108,Saransthan FC,95088487,Buffalo Brighten Stars FC,2,3,played,,Buffalo State Coyer Field
11574624,116537291,Matthews Cup,cup,411,,2026-05-21,6:30 pm,31566782,Rust Belt United,114564784,Buffalo Evening,6,0,played,,Nichols School Strauss Truscott
11574620,116537291,Matthews Cup,cup,407,,2026-05-21,6:30 pm,75479677,nWo FC,112652871,Badger Academy,6,0,played,,Tapestry Charter School Field
11574623,116537291,Matthews Cup,cup,410,,2026-05-21,8:30 pm,112652894,Huskies FC,116113117,Flamingo FC,0,2,played,,Buffalo State Coyer Field
11574621,116537291,Matthews Cup,cup,408,,2026-05-21,8:30 pm,112652891,Mavericks FC,75479695,Big Green SC,3,0,played,FT,Tapestry Charter School Field
11574625,116537291,Matthews Cup,cup,412,,2026-06-04,8:30 pm,116153896,Erie Kats,35216066,Nanner FC,0,3,played,FT,Mulroy Park Pierce Field
11574629,116537291,Matthews Cup,cup,416,,2026-06-11,6:30 pm,10359077,WNY United Reds,35216066,Nanner FC,0,2,played,,Buffalo State Coyer Field
11574631,116537291,Matthews Cup,cup,418,,2026-06-11,6:30 pm,75479665,Lasalle FC,100607781,Lake Shore FC,1,6,played,,Mulroy Park Pierce Field
11574627,116537291,Matthews Cup,cup,414,,2026-06-11,6:30 pm,112652891,Mavericks FC,59262126,Celtic Classic,3,0,played,FT,Tapestry Charter School Field
11574630,116537291,Matthews Cup,cup,417,,2026-06-11,8:30 pm,95088487,Buffalo Brighten Stars FC,106802178,Queen City AFC,1,2,played,,Buffalo State Coyer Field
11574628,116537291,Matthews Cup,cup,415,,2026-06-11,8:30 pm,116113111,Midnimo FC,75479677,nWo FC,1,0,played,,Tapestry Charter School Field
11574632,116537291,Matthews Cup,cup,419,,2026-06-11,9:00 pm,31566782,Rust Belt United,110307848,North Collins United,5,3,played,,Sahlen's Sports Park Flash Fields 1
11574633,116537291,Matthews Cup,cup,420,,2026-06-18,8:30 pm,10359062,Tonawanda United,116113117,Flamingo FC,5,1,played,,Mulroy Park Pierce Field
11574626,116537291,Matthews Cup,cup,413,,2026-06-25,6:30 pm,100607781,Lake Shore FC,116113120,Phoenix FC,4,0,played,,Tapestry Charter School Field
11574635,116537291,Matthews Cup,cup,422,,2026-07-09,6:30 pm,35216066,Nanner FC,106802178,Queen City AFC,3,1,played,,Buffalo State Coyer Field
11574636,116537291,Matthews Cup,cup,423,,2026-07-09,6:30 pm,31566782,Rust Belt United,10359062,Tonawanda United,3,1,played,,Tapestry Charter School Field
11574634,116537291,Matthews Cup,cup,421,,2026-07-09,7:00 pm,116113111,Midnimo FC,100607781,Lake Shore FC,2,3,played,,Mulroy Park Pierce Field
11574637,116537291,Matthews Cup,cup,424,,2026-07-09,8:30 pm,112652891,Mavericks FC,75479677,nWo FC,4,5,played,,Sahlen's Sports Park Flash Fields 1
11574639,116537291,Matthews Cup,cup,426,,2026-07-23,6:30 pm,,,,,,,scheduled,,Tapestry Charter School Field
11574638,116537291,Matthews Cup,cup,425,,2026-07-23,8:30 pm,,,,,,,scheduled,,Tapestry Charter School Field
11574640,116537291,Matthews Cup,cup,427,,2026-07-30,6:30 pm,,,,,,,scheduled,,Sahlen's Sports Park Flash Fields 1
